{"cameraMode":{"drawMode":0,"name":"Shaded","section":"Shading Mode"},"sceneLighting":true,"audioPlay":false,"sceneViewState":{"m_AlwaysRefresh":false,"showFog":true,"showSkybox":true,"showFlares":true,"showImageEffects":true,"showParticleSystems":true,"showVisualEffectGraphs":true,"m_FxEnabled":true},"in2DMode":false,"pivot":{"x":-1.1732406616210938,"y":1.6396205425262452,"z":0.30318498611450198},"rotation":{"x":-0.06556503474712372,"y":0.8942708969116211,"z":-0.13955838978290559,"w":-0.42013105750083926},"size":5.901773452758789,"orthographic":false}